personId,eventId,best,worldRank,continentRank,countryRank
2015PARK08,333bf,1818,1,1,1
2014CAIJ02,333bf,1827,2,1,1
2015HILL09,333bf,1828,3,2,2
2013EGDA02,333bf,1836,4,1,1
2013LINK01,333bf,1871,5,1,1
2016CHAP04,333bf,1894,6,3,3
2016KLAS01,333bf,1912,7,4,1
2014PARR02,333bf,1923,8,2,1
2017XIAO09,333bf,1947,9,2,2
2017SWOR01,333bf,1970,10,5,4
2014CHEN37,333bf,2025,11,6,5
2015CHER07,333bf,2046,12,7,6
2017DEBS01,333bf,2077,13,3,1
2017GUTM01,333bf,2081,14,1,1
2015GUNN01,333bf,2084,15,4,1
2013HUAN29,333bf,2094,16,2,1
2010CANT02,333bf,2118,17,8,2
2014GARC27,333bf,2221,18,5,1
2011TRON02,333bf,2227,19,6,1
2014ZHAN01,333bf,2236,20,9,7
2017WANY29,333bf,2238,21,3,3
2013BOBE01,333bf,2242,22,7,2
2016XIEY08,333bf,2263,23,4,4
2015AGRA03,333bf,2267,24,10,8
2013ANIR01,333bf,2314,25,5,1
2015ALEK01,333bf,2327,26,8,1
2016SIGG01,333bf,2336,27,11,9
2018HABE02,333bf,2350,28,9,1
2009BART02,333bf,2357,29,10,1
2013AOYA01,333bf,2398,30,6,1
2015FIRM01,333bf,2408,31,2,2
2013WALL03,333bf,2411,32,11,2
2018KIMH02,333bf,2436,33,7,1
2013MORR03,333bf,2450,34,12,1
2013DIPI01,333bf,2489,35,3,2
2016TAYL02,333bf,2513,36,12,10
2020BARA02,333bf,2517,37,13,3
2011KOWA01,333bf,2545,38,14,4
2010SHIX01,333bf,2551,39,8,5
2018CRUZ11,333bf,2559,40,4,3
2012JALO01,333bf,2562,41,15,5
2012LIUY03,333bf,2588,42,9,6
2016PRZY01,333bf,2592,43,16,6
2017NORR01,333bf,2599,44,17,1
2015PANE01,333bf,2608,45,3,1
2014ZHAO12,333bf,2622,46,10,7
2016WEIM01,333bf,2624,47,13,11
2017MAXW01,333bf,2659,48,11,1
2008VENK01,333bf,2673,49,14,12
2016GORE02,333bf,2676,50,15,13
2016MART29,333bf,2677,51,18,2
2019KOBE03,333bf,2701,52,16,3
2007LUJI01,333bf,2702,53,12,1
2015IVAN03,333bf,2706,54,19,1
2014FRIT02,333bf,2708,55,20,2
2014ARGA02,333bf,2712,56,5,1
2011BANS02,333bf,2715,57,13,2
2014BOYA01,333bf,2723,58,17,14
2010YAMA04,333bf,2727,59,14,2
2016ZAMB05,333bf,2727,59,6,1
2014ENDO01,333bf,2730,61,15,1
2013NELS01,333bf,2733,62,4,2
2017MAZH04,333bf,2747,63,16,8
2012ARTH01,333bf,2749,64,18,15
2013MINT01,333bf,2751,65,21,3
2013TALU01,333bf,2761,66,17,3
2015CHEN49,333bf,2763,67,18,9
2012SILV22,333bf,2767,68,7,2
2009HONG04,333bf,2777,69,19,1
2018MOSA01,333bf,2804,70,20,2
2014KOUL01,333bf,2805,71,21,4
2018PRAN01,333bf,2828,72,22,2
2018LUXI01,333bf,2842,73,23,10
2017ZHAO32,333bf,2843,74,24,11
2014ZHOU17,333bf,2851,75,25,12
2019ROGO04,333bf,2888,76,22,7
2019NING06,333bf,2901,77,26,13
2017KOLI01,333bf,2902,78,27,5
2016OCON02,333bf,2908,79,5,3
2018CEPI01,333bf,2921,80,23,8
2014AMAY01,333bf,2950,81,8,2
2007ENDR01,333bf,2961,82,24,2
2014MACE02,333bf,2962,83,19,1
2017SERG03,333bf,2967,84,25,4
2016TIDS01,333bf,2968,85,26,2
2016MICH01,333bf,2981,86,27,9
2011BARA01,333bf,2992,87,9,2
2010WANG68,333bf,3005,88,20,4
2016NORA01,333bf,3023,89,28,1
2017WAGU02,333bf,3046,90,29,14
2012MENE01,333bf,3051,91,10,3
2013SHAN02,333bf,3059,92,30,15
2017HERM01,333bf,3060,93,28,2
2016FANG01,333bf,3078,94,31,16
2021TRIP01,333bf,3089,95,6,3
2016GOHT01,333bf,3092,96,21,16
2016RIZO01,333bf,3104,97,22,17
2014SCHW02,333bf,3116,98,29,3
2018STOK01,333bf,3117,99,30,4
2011HAMI01,333bf,3136,100,32,3
2018SHEN07,333bf,3140,101,33,17
2013GHOD01,333bf,3159,102,34,6
2007WOOR01,333bf,3179,103,23,18
2012YANA01,333bf,3190,104,35,3
2016LIJI05,333bf,3195,105,36,18
2014ZARA01,333bf,3199,106,11,3
2013SOLI02,333bf,3200,107,31,2
2014SCHO02,333bf,3202,108,24,19
2015JAEH01,333bf,3209,109,32,3
2015WANG09,333bf,3210,110,37,2
2008JONG03,333bf,3222,111,38,2
2011ZALE02,333bf,3234,112,33,10
2012SEVE01,333bf,3263,113,39,2
2008ZHUA01,333bf,3302,114,40,19
2009SAEZ01,333bf,3429,115,12,1
2011XUJU01,333bf,3432,116,41,20
2012BILL01,333bf,3445,117,34,4
2011GRIT01,333bf,3452,118,35,5
2009CADM01,333bf,3494,119,25,20
2013BONA01,333bf,3499,120,36,2
2009WANG62,333bf,3514,121,42,21
2016WHIT16,333bf,3521,122,26,21
2016MOBE01,333bf,3567,123,37,3
2019FUJI07,333bf,3580,124,43,4
2016VOSO01,333bf,3589,125,38,1
2015KUCA01,333bf,3591,126,27,22
2009ROST01,333bf,3603,127,39,6
2012GRAY01,333bf,3607,128,28,23
2012KAMA01,333bf,3618,129,40,7
2016TANG06,333bf,3622,130,44,22
2012BOGD01,333bf,3630,131,41,11
2015BELO03,333bf,3642,132,29,24
2015BUAT01,333bf,3644,133,42,12
2012FROS01,333bf,3661,134,43,5
2012MCNE01,333bf,3689,135,7,4
2013LIMA01,333bf,3694,136,30,25
2014GERB01,333bf,3700,137,44,5
2018LEED01,333bf,3700,137,45,3
2012STRA02,333bf,3704,139,45,8
2014LONG06,333bf,3712,140,46,6
2010CARN01,333bf,3716,141,8,5
2018CAIH01,333bf,3725,142,46,23
2009QIAO03,333bf,3742,143,47,24
2019DING22,333bf,3770,144,48,25
2010LEHM02,333bf,3775,145,47,6
2018MADR02,333bf,3784,146,48,3
2009BAKK01,333bf,3796,147,49,2
2015FARI06,333bf,3814,148,31,26
2012SALG01,333bf,3846,149,49,3
2018LANZ03,333bf,3871,150,50,1
2014MAUR06,333bf,3881,151,51,3
2018BERR01,333bf,3933,152,32,27
2007WONG02,333bf,3954,153,33,28
2017HARR08,333bf,3957,154,52,7
2012HIRA01,333bf,4003,155,50,5
2010HONG01,333bf,4006,156,51,3
2015SANC18,333bf,4008,157,53,2
2016SALA18,333bf,4010,158,54,13
2015KEAR01,333bf,4031,159,55,8
2013CLAP01,333bf,4043,160,56,4
2011TANH01,333bf,4067,161,52,26
2014MODA01,333bf,4071,162,53,1
2021PISK01,333bf,4080,163,57,14
2016SZYS02,333bf,4083,164,58,15
2012LEHT01,333bf,4108,165,59,2
2014VIKS01,333bf,4110,166,60,3
2017ZHOU44,333bf,4124,167,54,27
2018ZYNE01,333bf,4146,168,61,16
2018LOHT01,333bf,4161,169,9,6
2011RIGG02,333bf,4185,170,13,4
2012FUJI01,333bf,4197,171,55,6
2015YUEW01,333bf,4199,172,56,28
2013SAVA01,333bf,4255,173,62,9
2018SOLN01,333bf,4273,174,63,1
2010MATT02,333bf,4280,175,34,5
2011CHUD01,333bf,4283,176,64,17
2007YOUN04,333bf,4304,177,57,4
2008BARA01,333bf,4338,178,65,3
2009COLO03,333bf,4367,179,66,4
2018FORS03,333bf,4372,180,67,7
2017SHIN02,333bf,4427,181,58,7
2011CAOS01,333bf,4437,182,59,29
2017MUZI01,333bf,4442,183,68,5
2015JUNV01,333bf,4445,184,60,1
2017DOVB01,333bf,4494,185,69,2
2008CASI01,333bf,4524,186,35,2
2007LIME01,333bf,4547,187,36,6
2015BAOW01,333bf,4553,188,61,30
2011SAKO01,333bf,4556,189,37,29
2015WRIG07,333bf,4556,189,70,10
2012CHAN13,333bf,4563,191,62,31
2016LUSH02,333bf,4566,192,71,3
2008SEPP01,333bf,4610,193,72,4
2017TANI04,333bf,4616,194,63,8
2008TAKA01,333bf,4623,195,64,9
2014PETE03,333bf,4627,196,73,2
2016HART02,333bf,4633,197,38,30
2018CAMP15,333bf,4643,198,10,4
2017CHEN36,333bf,4645,199,65,32
2010LACQ01,333bf,4647,200,66,4
2015PHOM01,333bf,4662,201,74,5
2015SRIN02,333bf,4667,202,11,7
2016MAOY01,333bf,4672,203,67,33
2016KRAF01,333bf,4683,204,75,8
2009XIAY02,333bf,4693,205,68,34
2013HOLM01,333bf,4710,206,76,1
2009ZEMD01,333bf,4713,207,12,8
2009SIUN01,333bf,4728,208,69,3
2013CHEN46,333bf,4732,209,70,35
2012HALE01,333bf,4737,210,77,11
2019ROBE01,333bf,4750,211,78,3
2015OHHA01,333bf,4753,212,71,5
2017LIMJ02,333bf,4761,213,72,5
2011QUEJ01,333bf,4767,214,73,36
2014JELI01,333bf,4787,215,79,1
2015HESS01,333bf,4787,215,39,7
2016JIAN34,333bf,4812,217,74,37
2018HAMI06,333bf,4833,218,75,4
2018LIUL05,333bf,4860,219,76,38
2014HANJ02,333bf,4864,220,77,39
2015PEAR02,333bf,4876,221,13,9
2012IVAN02,333bf,4893,222,80,9
2017KLOS01,333bf,4912,223,81,9
2017SIAU02,333bf,4914,224,40,31
2007XUYU01,333bf,4935,225,78,40
2011ROHM01,333bf,4936,226,79,5
2012YUTA01,333bf,4938,227,82,1
2017KITA03,333bf,4969,228,80,10
2008LIMS01,333bf,4989,229,81,6
2016RIDL01,333bf,4992,230,83,12
2012LIUJ06,333bf,4996,231,82,4
2011NIAP02,333bf,5008,232,83,1
2011FRES01,333bf,5010,233,84,10
2013GUER03,333bf,5020,234,85,6
2015LEON02,333bf,5027,235,84,2
2009SWEE01,333bf,5029,236,85,4
2019FUBO01,333bf,5031,237,86,41
2014HOLL01,333bf,5033,238,41,32
2013WAIN01,333bf,5075,239,14,10
2016JOHN30,333bf,5082,240,42,33
2015MACD03,333bf,5089,241,15,5
2021TANG07,333bf,5099,242,16,11
2010UTOM01,333bf,5108,243,87,6
2015WRON01,333bf,5117,244,86,18
2007KRIS01,333bf,5117,244,86,4
2009LEAN01,333bf,5125,246,43,34
2017HUGH04,333bf,5130,247,17,12
2016DAVI02,333bf,5152,248,44,35
2016LEHE01,333bf,5195,249,88,7
2021OTAI01,333bf,5216,250,88,1
2016HEND01,333bf,5237,251,89,7
2012WERB01,333bf,5265,252,89,11
2017FENG10,333bf,5268,253,90,5
2016WHEA01,333bf,5287,254,90,13
2016ABAE01,333bf,5315,255,91,10
2015HOUX01,333bf,5332,256,91,42
2017SUNC02,333bf,5334,257,45,36
2013APAZ01,333bf,5357,258,14,5
2009DAVI01,333bf,5360,259,46,37
2013ZHAN41,333bf,5365,260,92,43
2015JOIN01,333bf,5366,261,47,38
2015EWER01,333bf,5369,262,92,5
2014GUZM03,333bf,5382,263,48,1
2005KOCZ01,333bf,5386,264,93,4
2012RUPE01,333bf,5389,265,93,7
2016XUWE02,333bf,5394,266,94,44
2012POHL01,333bf,5400,267,94,12
2018BLOC01,333bf,5407,268,95,13
2015TORR17,333bf,5421,269,15,6
2009BARB01,333bf,5425,270,16,4
2011SBAH01,333bf,5451,271,49,39
2012DVOA01,333bf,5458,272,96,2
2016WIEC02,333bf,5480,273,50,40
2013MUAT01,333bf,5501,274,97,3
2016TAMU01,333bf,5526,275,95,11
2015FUSH01,333bf,5532,276,96,8
2016SOON01,333bf,5537,277,97,2
2010SOUZ01,333bf,5548,278,17,5
2009LIUE01,333bf,5556,279,51,41
2012IWAS01,333bf,5573,280,98,12
2013VALE03,333bf,5578,281,98,11
2009LUOX01,333bf,5585,282,99,45
2007NAKA03,333bf,5591,283,100,13
2011MANS02,333bf,5591,283,18,4
2017MINA04,333bf,5593,285,99,4
2013SATO01,333bf,5604,286,101,14
2018DIER01,333bf,5607,287,100,1
2014HOLU01,333bf,5628,288,101,4
2017SWAI01,333bf,5671,289,102,14
2014LOPE04,333bf,5681,290,103,3
2015KORO02,333bf,5692,291,104,5
2017SHIM06,333bf,5701,292,102,46
2012LIYA01,333bf,5706,293,103,47
2015QUAN03,333bf,5718,294,104,6
2017KISL01,333bf,5727,295,105,12
2007JIPT01,333bf,5728,296,106,14
2014PAUL05,333bf,5748,297,18,13
2012HUYA01,333bf,5762,298,105,48
2010BENT01,333bf,5770,299,107,15
2017YUNG02,333bf,5818,300,52,42
2013BRAT01,333bf,5837,301,108,16
2013CHEN22,333bf,5856,302,109,8
2009SANC06,333bf,5860,303,110,4
2014OKEN01,333bf,5873,304,111,13
2014XUSU01,333bf,5874,305,106,49
2015BAKK01,333bf,5882,306,53,43
2008YUDA01,333bf,5882,306,107,6
2014BENT02,333bf,5891,308,112,6
2012PONC02,333bf,5892,309,54,44
2011LINC06,333bf,5903,310,108,50
2016LOPE20,333bf,5936,311,109,7
2011KOGL01,333bf,5937,312,113,1
2014GONI01,333bf,5975,313,19,1
2005BATI01,333bf,6004,314,114,5
2017CHAM09,333bf,6008,315,115,15
2009LIAN03,333bf,6017,316,110,7
2011HUAN10,333bf,6025,317,111,51
2013TANG07,333bf,6036,318,112,52
2017LEMB02,333bf,6041,319,116,1
2015RIVE05,333bf,6047,320,117,16
2009SHEE01,333bf,6047,320,117,16
2010SUGA01,333bf,6048,322,113,15
2008COUR01,333bf,6058,323,119,9
2017SEMO02,333bf,6064,324,20,6
2016JENS09,333bf,6073,325,120,6
2016ALVA09,333bf,6091,326,21,3
2016PILA03,333bf,6095,327,55,45
2010KUSU02,333bf,6106,328,114,9
2014SURE11,333bf,6115,329,115,8
2011MATA01,333bf,6116,330,121,5
2015BERG10,333bf,6126,331,56,8
2014SORI01,333bf,6140,332,57,3
2007YUNQ01,333bf,6149,333,116,53
2015RUSN01,333bf,6165,334,58,9
2012DESM02,333bf,6189,335,122,10
2017INKA01,333bf,6204,336,117,2
2013DAIA01,333bf,6210,337,123,1
2010UBAL01,333bf,6211,338,118,8
2018SANT64,333bf,6216,339,59,4
2014GOSL01,333bf,6222,340,60,46
2018ZHAH02,333bf,6276,341,119,54
2010POSN02,333bf,6278,342,61,47
2008OLLE01,333bf,6291,343,124,6
2009FEAN01,333bf,6298,344,120,10
2016THOR08,333bf,6304,345,125,7
2016ZENK01,333bf,6321,346,126,8
2012HAQQ01,333bf,6322,347,121,11
2007SUNT01,333bf,6325,348,62,48
2015CITT01,333bf,6365,349,127,7
2015CAMP17,333bf,6367,350,22,7
2018SHAO02,333bf,6370,351,122,55
2015HUAN48,333bf,6372,352,63,49
2009OKAD01,333bf,6390,353,123,16
2014BARR02,333bf,6394,354,64,2
2016SAIF01,333bf,6395,355,124,12
2016DROB01,333bf,6400,356,128,1
2016RUCI01,333bf,6418,357,129,1
2016IBAR05,333bf,6435,358,65,5
2017CHOI07,333bf,6448,359,125,7
2009MOSK01,333bf,6471,360,130,19
2017MEYS02,333bf,6496,361,131,17
2012REQU01,333bf,6496,361,131,7
2011PUME01,333bf,6518,363,126,56
2008MAPE01,333bf,6518,363,126,9
2011NARA02,333bf,6523,365,128,9
2016CARL02,333bf,6562,366,133,2
2017AGGA01,333bf,6563,367,66,50
2011RIGG03,333bf,6563,367,23,7
2014CHOE01,333bf,6573,369,129,8
2014KOLE03,333bf,6584,370,134,6
2016PYWI01,333bf,6584,370,134,11
2010VERE01,333bf,6595,372,136,3
2007YUAL01,333bf,6605,373,67,51
2015HETI01,333bf,6621,374,130,57
2017CHAN16,333bf,6645,375,137,12
2017TORR18,333bf,6668,376,68,3
2009KUBO01,333bf,6693,377,131,17
2010WUJI01,333bf,6705,378,132,58
2015PARK24,333bf,6705,378,69,52
2016GRIG01,333bf,6736,380,138,2
2013SUNY02,333bf,6743,381,133,59
2007STRE01,333bf,6743,381,139,18
2015TAKA06,333bf,6747,383,134,18
2017ZHAC06,333bf,6747,383,134,60
2019SHAF02,333bf,6752,385,136,13
2008WEST02,333bf,6781,386,140,9
2018GEOR01,333bf,6792,387,137,10
2009SHEP01,333bf,6799,388,141,18
2009DIEC01,333bf,6815,389,142,19
2015ARYA03,333bf,6820,390,138,11
2009ORTI01,333bf,6825,391,143,8
2016HROM01,333bf,6832,392,144,2
2018ORAZ01,333bf,6832,392,139,1
2011MASS01,333bf,6864,394,145,14
2008MAND01,333bf,6893,395,140,12
2015ONOF01,333bf,6899,396,24,8
2017KECH01,333bf,6906,397,141,61
2010KARY02,333bf,6911,398,146,15
2015BART05,333bf,6916,399,70,53
2011KULS01,333bf,6919,400,142,13
2014PACE01,333bf,6929,401,147,20
2015RUSS03,333bf,6963,402,71,54
2013PRZY02,333bf,6974,403,72,55
2020TAYL02,333bf,6984,404,19,6
2009SULE01,333bf,7005,405,148,2
2017BHAT02,333bf,7032,406,143,14
2011CHEC01,333bf,7037,407,149,16
2013KATO01,333bf,7088,408,73,56
2015FELD01,333bf,7095,409,74,57
2013SAVO01,333bf,7096,410,150,1
2012WESC01,333bf,7099,411,151,20
2016PRES04,333bf,7099,411,151,19
2019PANG12,333bf,7151,413,75,10
2016PFEI01,333bf,7157,414,76,58
2017OSTD02,333bf,7169,415,77,59
2011MIKE01,333bf,7170,416,78,60
2015RIBI01,333bf,7177,417,153,1
2016YEJI01,333bf,7188,418,144,62
2010GARC02,333bf,7226,419,154,9
2012MECO01,333bf,7234,420,155,10
2016CARA04,333bf,7236,421,145,10
2009ANAM01,333bf,7246,422,146,14
2010FANY01,333bf,7248,423,147,63
2010DAVI06,333bf,7286,424,79,11
2016IHLE01,333bf,7290,425,156,21
2020MOCO01,333bf,7306,426,20,14
2015CECC01,333bf,7343,427,25,9
2015LONG01,333bf,7351,428,148,3
2012GOOD02,333bf,7359,429,157,20
2018WROT01,333bf,7368,430,80,61
2007GUIM01,333bf,7418,431,26,10
2013ERTA01,333bf,7433,432,158,1
2017AHMA06,333bf,7457,433,149,15
2014DETU01,333bf,7458,434,159,13
2016TAMH01,333bf,7462,435,150,15
2014LIBM01,333bf,7466,436,160,1
2007HESS01,333bf,7476,437,81,62
2015YONG02,333bf,7485,438,151,9
2016GIUL01,333bf,7498,439,161,5
2008CLEM01,333bf,7502,440,82,63
2011FERA01,333bf,7506,441,83,64
2006OOKU01,333bf,7509,442,152,19
2017CHEX02,333bf,7515,443,153,64
2013PENG02,333bf,7516,444,154,65
2011CAHY03,333bf,7524,445,155,16
2018KHAN26,333bf,7526,446,84,65
2015YOUC01,333bf,7535,447,156,5
2016NAGU02,333bf,7548,448,157,11
2018LAPT02,333bf,7582,449,162,17
2015MACK06,333bf,7586,450,85,66
2016JONE04,333bf,7610,451,21,15
2008CIRN01,333bf,7621,452,163,8
2011YUBE01,333bf,7665,453,86,67
2007POLI01,333bf,7671,454,164,9
2009ADAM01,333bf,7690,455,87,68
2016QUAN03,333bf,7713,456,22,16
2013WALT01,333bf,7715,457,165,21
2016KAMA04,333bf,7725,458,88,69
2011LAYE01,333bf,7729,459,158,2
2012KALH01,333bf,7758,460,166,22
2013MOLI04,333bf,7772,461,89,4
2013FRON01,333bf,7795,462,167,3
2013ZHAO17,333bf,7796,463,159,66
2015SLEA01,333bf,7811,464,90,70
2016TARI02,333bf,7825,465,27,1
2006GUZE01,333bf,7839,466,168,21
2010ESTU01,333bf,7857,467,169,14
2008UENO01,333bf,7881,468,160,20
2014LING03,333bf,7897,469,161,67
2014HERR08,333bf,7911,470,170,10
2011DWYE02,333bf,7934,471,91,71
2018SUNC02,333bf,7937,472,162,68
2016BROD01,333bf,7945,473,171,23
2012BUBE01,333bf,7946,474,172,5
2017PODZ01,333bf,7950,475,173,7
2011WELC01,333bf,7968,476,92,72
2010CHAN20,333bf,7984,477,163,8
2019CAIW01,333bf,8013,478,164,69
2013ANHN01,333bf,8022,479,165,1
2015SERO02,333bf,8030,480,174,22
2008BERG04,333bf,8039,481,175,11
2015BALO02,333bf,8059,482,166,12
2015FEDE01,333bf,8069,483,176,24
2007DANY01,333bf,8108,484,167,70
2016HARA02,333bf,8140,485,177,3
2014ZAKR01,333bf,8145,486,178,23
2010AMBR01,333bf,8146,487,93,73
2017MAND10,333bf,8177,488,168,1
2016AQUI02,333bf,8198,489,169,13
2009SIEW02,333bf,8212,490,170,9
2018BLAN01,333bf,8215,491,94,1
2007MINH01,333bf,8220,492,171,10
2021LANG01,333bf,8227,493,179,15
2007FIDE01,333bf,8235,494,28,11
2012CHOW03,333bf,8238,495,95,12
2016QUIN01,333bf,8246,496,96,74
2020DWOR01,333bf,8261,497,180,24
2011ZHAN24,333bf,8266,498,172,71
2014BULU01,333bf,8275,499,97,5
2016BRIS02,333bf,8286,500,29,12
2012KROK01,333bf,8289,501,181,8
2005AKKE01,333bf,8292,502,182,3
2015BYEO01,333bf,8299,503,173,11
2007HUGH01,333bf,8301,504,98,75
2017ABDU06,333bf,8316,505,99,13
2016DUMA01,333bf,8324,506,183,9
2013FERR05,333bf,8330,507,184,1
2017AIPK01,333bf,8337,508,174,1
2010CHUN04,333bf,8360,509,175,3
2018FANG10,333bf,8377,510,176,72
2013LEED01,333bf,8401,511,177,4
2015KANY01,333bf,8416,512,178,73
2013LOYA01,333bf,8422,513,100,6
2014HANT01,333bf,8426,514,179,74
2018SILV28,333bf,8433,515,30,13
2014WENW01,333bf,8435,516,180,5
2018NADZ01,333bf,8451,517,181,17
2015SOAR01,333bf,8472,518,182,16
2010RAIH01,333bf,8514,519,183,18
2014ISHI03,333bf,8539,520,184,21
2017TRAN24,333bf,8555,521,185,16
2016LIMI01,333bf,8564,522,185,75
2018CREE01,333bf,8565,523,101,76
2015MIKH04,333bf,8569,524,186,2
2016HORV04,333bf,8573,525,186,6
2013WUJI03,333bf,8596,526,187,76
2015DORN02,333bf,8598,527,102,14
2014SEBA01,333bf,8600,528,187,17
2007KORZ01,333bf,8619,529,188,25
2014RENW01,333bf,8631,530,188,10
2018MARI08,333bf,8639,531,189,18
2014SONG08,333bf,8651,532,189,77
2011SZAT01,333bf,8666,533,190,26
2014CHER05,333bf,8676,534,191,18
2012VAJD01,333bf,8695,535,192,2
2011NATH02,333bf,8712,536,103,77
2015SANT41,333bf,8733,537,31,14
2014NUNE05,333bf,8747,538,193,11
2007OOBA01,333bf,8753,539,190,22
2012HOLE01,333bf,8755,540,191,4
2007HABE01,333bf,8764,541,194,25
2016WATA01,333bf,8772,542,192,23
2014MILE01,333bf,8772,542,195,27
2016WIJA01,333bf,8784,544,193,19
2016AMBE02,333bf,8787,545,196,2
2007BERN01,333bf,8807,546,197,7
2015ROSE01,333bf,8829,547,104,78
2007LUCH02,333bf,8839,548,194,78
2012MCKE01,333bf,8840,549,198,2
2011LING02,333bf,8860,550,195,14
2014ZHAN11,333bf,8860,550,195,79
2008FUSK01,333bf,8888,552,199,28
2018JONE05,333bf,8888,552,199,19
2013ZOLL01,333bf,8890,554,105,79
2018PARA15,333bf,8892,555,106,80
2010HIDA01,333bf,8926,556,197,20
2018IMTI01,333bf,8953,557,198,1
2017PIRE01,333bf,8953,557,32,15
2003HARD01,333bf,8959,559,107,81
2009POOK01,333bf,8973,560,199,3
2013OPOK01,333bf,8985,561,201,29
2009BLAI01,333bf,8992,562,108,82
2016HOCH02,333bf,9009,563,200,6
2012DELI01,333bf,9034,564,109,83
2014HARN01,333bf,9040,565,202,3
2013TAKE01,333bf,9048,566,201,24
2016DENG16,333bf,9062,567,202,11
2014KHAR01,333bf,9066,568,203,17
2004CHAN04,333bf,9066,568,110,84
2012NALH01,333bf,9076,570,204,18
2015SETT01,333bf,9085,571,203,6
2011CHEN19,333bf,9086,572,205,80
2012SEET01,333bf,9088,573,23,17
2013WENS01,333bf,9091,574,206,81
2016ELAN01,333bf,9095,575,207,19
2011WICA01,333bf,9109,576,208,21
2013MATS02,333bf,9118,577,209,25
2015JAKU01,333bf,9148,578,204,30
2007GOUL01,333bf,9149,579,205,22
2012QIUR01,333bf,9156,580,210,82
2011SOAR01,333bf,9180,581,33,16
2014SUBR04,333bf,9194,582,111,85
2017MORG07,333bf,9210,583,112,86
2017WURY01,333bf,9213,584,113,15
2008KLUN01,333bf,9215,585,206,4
2013GILM01,333bf,9250,586,207,31
2013TITO02,333bf,9257,587,208,10
2017PIWA01,333bf,9262,588,211,7
2011RHEI01,333bf,9264,589,209,26
2005REYN01,333bf,9297,590,114,87
2011HAKI02,333bf,9303,591,212,22
2013KOBA01,333bf,9339,592,213,26
2008SMIT04,333bf,9353,593,210,4
2016HOLZ01,333bf,9361,594,211,27
2015LOMA01,333bf,9366,595,34,5
2009HARN01,333bf,9404,596,115,88
2013HAJU01,333bf,9415,597,214,12
2017ROLL02,333bf,9426,598,212,28
2015HAMM01,333bf,9433,599,213,23
2010PANL01,333bf,9450,600,215,83
2009OLSO01,333bf,9472,601,116,89
2012OANE02,333bf,9475,602,214,4
2019DEVE06,333bf,9490,603,24,7
2013CRAI01,333bf,9492,604,117,90
2013LINC01,333bf,9498,605,216,84
2015PARK13,333bf,9516,606,217,13
2014LANG02,333bf,9528,607,118,91
2013KRAS02,333bf,9530,608,215,32
2018OWIE01,333bf,9544,609,216,33
2012PETE03,333bf,9545,610,217,29
2009OLSS01,333bf,9567,611,218,12
2004LOLE01,333bf,9574,612,119,92
2018CHEC02,333bf,9591,613,120,1
2012JAME04,333bf,9593,614,218,20
2009YAUR01,333bf,9602,615,219,24
2019NOGA01,333bf,9622,616,219,27
2015MASO04,333bf,9626,617,220,25
2013EGDA01,333bf,9627,618,221,4
2015CORT01,333bf,9639,619,121,7
2014SATT01,333bf,9645,620,122,93
2013JIGA01,333bf,9650,621,220,85
2018LIEN01,333bf,9651,622,222,2
2011MOLL01,333bf,9653,623,223,26
2006GARR01,333bf,9655,624,224,30
2013OWCZ01,333bf,9655,624,224,34
2008YOUN02,333bf,9669,626,123,94
2018WULI01,333bf,9670,627,221,8
2010ADHI01,333bf,9677,628,222,23
2017XUAN03,333bf,9690,629,223,12
2015MUZO01,333bf,9699,630,224,86
2012BEAH01,333bf,9720,631,226,3
2013FRAN04,333bf,9728,632,225,15
2013GALL03,333bf,9730,633,227,10
2016ZHAX06,333bf,9731,634,226,87
2016GROS06,333bf,9743,635,228,7
2019DING02,333bf,9746,636,25,18
2011JEEV01,333bf,9754,637,227,21
2017LUYI04,333bf,9757,638,228,88
2014KORO02,333bf,9759,639,229,19
2017RIEN01,333bf,9777,640,230,3
2016JANO01,333bf,9795,641,231,2
2013GARC08,333bf,9814,642,232,12
2016WUSI01,333bf,9831,643,229,89
2014JAYE01,333bf,9835,644,233,27
2006BUUS01,333bf,9836,645,234,5
2016FOKI02,333bf,9839,646,235,20
2014IRIA01,333bf,9842,647,236,13
2007BOUR01,333bf,9843,648,237,20
2016CHAN25,333bf,9845,649,230,6
2012PINT01,333bf,9850,650,35,17
2010CHAN13,333bf,9858,651,231,22
2013LOYK01,333bf,9874,652,238,2
2011CAIJ01,333bf,9888,653,232,90
2014HARI05,333bf,9908,654,233,23
2017SAKA04,333bf,9913,655,234,28
2013CABR01,333bf,9917,656,124,95
2019WANZ21,333bf,9952,657,235,91
2013JOKI01,333bf,9961,658,239,6
2015MATT05,333bf,9964,659,36,18
2010BZDZ01,333bf,9981,660,240,35
2009ADIW01,333bf,9992,661,236,24
2012MORM01,333bf,9994,662,241,11
2014NIET03,333bf,10004,663,37,4
2014SCRU01,333bf,10006,664,125,96
2016LIND13,333bf,10012,665,237,16
2007BODO01,333bf,10018,666,242,8
2014ZHAO10,333bf,10026,667,238,92
2008MHLS01,333bf,10055,668,243,5
2007GOTA01,333bf,10058,669,244,14
2016MALA01,333bf,10072,670,239,24
2021THOM03,333bf,10094,671,245,31
2014KIPR01,333bf,10106,672,26,19
2017DAVI29,333bf,10134,673,246,21
2017ASMU01,333bf,10148,674,247,6
2017RAMI07,333bf,10152,675,38,8
2015PERE29,333bf,10186,676,126,6
2015CLAR02,333bf,10198,677,39,6
2019VENZ01,333bf,10200,678,27,20
2016BAIR01,333bf,10202,679,127,97
2016FARR03,333bf,10205,680,128,98
2013BOTZ01,333bf,10214,681,248,32
2010WANG53,333bf,10214,681,240,93
2016KASI01,333bf,10230,683,241,17
2012KOST02,333bf,10232,684,249,21
2018SPIL01,333bf,10238,685,28,21
2015ZHAO22,333bf,10242,686,242,94
2016MARR03,333bf,10262,687,129,99
2011OBLA01,333bf,10263,688,250,22
2017NING02,333bf,10266,689,243,95
2012ZAKE02,333bf,10284,690,251,3
2014STAR05,333bf,10291,691,252,28
2013DICK01,333bf,10303,692,130,100
2015ROBI04,333bf,10306,693,131,101
2016KENN01,333bf,10309,694,29,22
2018AHMA02,333bf,10319,695,132,102
2011SUOJ01,333bf,10349,696,244,96
2017BELT01,333bf,10360,697,133,8
2017CHEJ02,333bf,10378,698,245,97
2017ZHAN96,333bf,10381,699,246,98
2017FONS04,333bf,10392,700,253,4
2010ANDE03,333bf,10398,701,254,13
2008ZHAN13,333bf,10406,702,247,99
2011FAUZ02,333bf,10426,703,248,25
2017MOAJ01,333bf,10428,704,249,1
2017PETE04,333bf,10460,705,134,103
2009ARSA01,333bf,10475,706,250,26
2018MEIR04,333bf,10481,707,251,3
2008AURO01,333bf,10487,708,255,33
2017SANT12,333bf,10509,709,40,19
2009ARAM01,333bf,10518,710,256,15
2014DING02,333bf,10522,711,252,100
2010MARI02,333bf,10532,712,257,9
2014ESTR01,333bf,10537,713,41,2
2015RAHH01,333bf,10547,714,253,14
2014PRIC01,333bf,10559,715,258,29
2007TAMB01,333bf,10583,716,42,20
2016BATT04,333bf,10588,717,259,11
2014CHIC01,333bf,10594,718,135,104
2014HAMM01,333bf,10601,719,136,105
2015HIGH01,333bf,10617,720,30,23
2014BILG01,333bf,10629,721,137,106
2017WANZ07,333bf,10630,722,254,101
2010CHEN20,333bf,10645,723,255,102
2012DROZ02,333bf,10658,724,260,36
2015KOEN01,333bf,10662,725,261,34
2007CHAN04,333bf,10669,726,138,107
2011FIOL01,333bf,10693,727,262,16
2019GRIE05,333bf,10700,728,263,35
2014UKEY01,333bf,10708,729,256,25
2018BOFF01,333bf,10716,730,264,12
2011CHAP01,333bf,10717,731,43,5
2015ANTO04,333bf,10726,732,265,17
2018BESE02,333bf,10730,733,266,23
2017OPRE02,333bf,10730,733,266,5
2007HERN02,333bf,10733,735,139,1
2015BART01,333bf,10748,736,268,5
2011ALVI01,333bf,10753,737,257,27
2019TRAN11,333bf,10775,738,31,24
2008SAMP01,333bf,10801,739,140,108
2018LUOY02,333bf,10819,740,258,103
2018GOME29,333bf,10825,741,44,21
2016REYE01,333bf,10832,742,259,18
2016DERO04,333bf,10840,743,45,22
2008MORE02,333bf,10856,744,269,22
2015ZHAO07,333bf,10859,745,260,104
2016DURA09,333bf,10859,745,270,37
2018HUMP01,333bf,10867,747,141,109
2017PETR02,333bf,10904,748,271,24
2018TAIR02,333bf,10918,749,261,29
2008VARG01,333bf,10934,750,272,10
2006TSAO01,333bf,10949,751,142,110
2016SUZU03,333bf,10978,752,46,9
2017GARC55,333bf,10980,753,273,18
2015DEGL01,333bf,10983,754,274,23
2013HAYA02,333bf,11002,755,262,30
2009SIEW01,333bf,11010,756,263,13
2016NIMI01,333bf,11012,757,264,105
2009CONT01,333bf,11013,758,275,13
2010DESJ01,333bf,11029,759,276,24
2017PANG07,333bf,11032,760,32,25
2017MILL12,333bf,11036,761,277,30
2017HERR02,333bf,11058,762,278,36
2015RIZZ02,333bf,11072,763,279,9
2012CALL01,333bf,11084,764,143,111
2011BERG02,333bf,11092,765,280,14
2017SUNC03,333bf,11103,766,265,9
2018MORE19,333bf,11120,767,47,6
2003WINO01,333bf,11138,768,144,112
2011HERE01,333bf,11139,769,145,9
2008DONG06,333bf,11180,770,266,106
2013KODA01,333bf,11187,771,267,31
2015CLAU02,333bf,11187,771,146,113
2014BAAR01,333bf,11196,773,281,6
2018NEMI01,333bf,11201,774,268,26
2009OKAY01,333bf,11205,775,269,32
2018POLK03,333bf,11217,776,282,25
2016CAST31,333bf,11224,777,147,10
2010WANG07,333bf,11240,778,270,107
2017FLOR35,333bf,11251,779,148,1
2012WENI01,333bf,11264,780,271,14
2017KLEI02,333bf,11266,781,283,37
2009HILD01,333bf,11276,782,149,114
2018SONG20,333bf,11286,783,272,108
2018LINB02,333bf,11295,784,273,10
2016CHEJ04,333bf,11295,784,273,109
2013SANT13,333bf,11295,784,284,19
2018CAST11,333bf,11307,787,285,20
2014MOCH01,333bf,11309,788,275,33
2015XION03,333bf,11311,789,276,110
2006ROBA01,333bf,11324,790,286,38
2018MAOJ03,333bf,11341,791,277,111
2018LUND01,333bf,11352,792,287,15
2016KELL12,333bf,11356,793,150,115
2018XIAR01,333bf,11371,794,151,116
2016RAZZ01,333bf,11373,795,288,26
2015YAKH01,333bf,11377,796,289,12
2008DANG01,333bf,11389,797,152,117
2017ABAR02,333bf,11409,798,153,16
2017CHAV07,333bf,11419,799,154,7
2014JIAN10,333bf,11425,800,155,118
2016AOKI02,333bf,11429,801,278,34
2015VUJA01,333bf,11440,802,290,1
2015MEHT08,333bf,11452,803,279,27
2011VARG03,333bf,11461,804,291,2
2010SHAP01,333bf,11480,805,292,7
2008WUKU01,333bf,11516,806,280,11
2012LEPI01,333bf,11525,807,293,25
2015IMMO01,333bf,11541,808,294,7
2013VALL03,333bf,11554,809,156,119
2014TEJA05,333bf,11572,810,281,28
2017FEBR01,333bf,11592,811,282,28
2004MAOT02,333bf,11599,812,157,120
2015SORI03,333bf,11604,813,48,2
2017LOUY01,333bf,11619,814,283,112
2004KRIG01,333bf,11622,815,295,16
2015MATH01,333bf,11629,816,284,29
2015JAJA01,333bf,11643,817,285,30
2016ATLA01,333bf,11648,818,296,3
2011TANG04,333bf,11654,819,286,113
2014TANA01,333bf,11675,820,287,35
2018BIDW02,333bf,11678,821,158,121
2012ACHA01,333bf,11699,822,49,7
2016DEXT01,333bf,11712,823,33,26
2010SHID01,333bf,11726,824,288,29
2010BREC01,333bf,11742,825,159,122
2016KOBA01,333bf,11750,826,289,36
2010BOON01,333bf,11761,827,290,4
2018WILL27,333bf,11778,828,297,31
2017RICH02,333bf,11787,829,160,123
2009PLES01,333bf,11793,830,298,39
2013MAHE02,333bf,11798,831,291,31
2012TOKA02,333bf,11799,832,299,40
2014PAVE01,333bf,11826,833,300,14
2015FLAC01,333bf,11845,834,161,124
2016REGA03,333bf,11861,835,292,19
2011ZHAN36,333bf,11872,836,293,114
2006BONN01,333bf,11891,837,301,26
2015XUXI01,333bf,11892,838,294,115
2017FURL02,333bf,11903,839,50,23
2009ROTA01,333bf,11941,840,302,15
2012SANT12,333bf,11947,841,303,21
2009WHIT01,333bf,11962,842,304,32
2014LALI01,333bf,11972,843,162,125
2015JIJI02,333bf,11976,844,295,116
2013MACI01,333bf,11977,845,305,22
2008CARU01,333bf,11983,846,51,8
2013LANG03,333bf,11986,847,163,126
2016KRUE01,333bf,11993,848,164,127
2008PEPK01,333bf,12005,849,306,41
2010RAHM02,333bf,12013,850,296,30
2017GAYN01,333bf,12042,851,165,128
2015CRUZ04,333bf,12046,852,52,7
2015JAIN21,333bf,12052,853,297,32
2012LAHL01,333bf,12061,854,307,10
2014BUEH01,333bf,12063,855,308,11
2017POPK01,333bf,12071,856,309,27
2011SHAH01,333bf,12090,857,298,33
2010JIMO01,333bf,12096,858,299,117
2018TOIP01,333bf,12110,859,300,2
2014WANG48,333bf,12110,859,166,17
2017YIIC01,333bf,12156,861,301,15
2015OMOR01,333bf,12163,862,53,24
2015PERC01,333bf,12179,863,167,1
2018SATO01,333bf,12184,864,34,27
2017MOLI05,333bf,12196,865,35,28
2015LUND03,333bf,12198,866,310,5
2016MORA24,333bf,12201,867,311,33
2016REIL03,333bf,12211,868,168,129
2014FANG01,333bf,12218,869,169,130
2016BOUR01,333bf,12221,870,312,27
2016XIZH01,333bf,12223,871,302,118
2015BOBO02,333bf,12232,872,303,20
2015SALL01,333bf,12234,873,170,131
2011WISN03,333bf,12236,874,313,42
2008HEJJ01,333bf,12255,875,314,11
2015SABI01,333bf,12264,876,304,31
2015KODA01,333bf,12266,877,305,34
2012SZEL01,333bf,12282,878,171,132
2011LINB01,333bf,12293,879,172,133
2012ZABR01,333bf,12308,880,315,28
2015DAIS01,333bf,12321,881,306,119
2013LEON03,333bf,12329,882,54,8
2014PARK08,333bf,12361,883,307,15
2017FLOR05,333bf,12371,884,55,9
2016ZHIT01,333bf,12382,885,316,29
2010MISA01,333bf,12385,886,308,37
2008TROM01,333bf,12396,887,317,12
2012DYGI01,333bf,12401,888,309,21
2009WANG21,333bf,12425,889,310,120
2013CRON01,333bf,12442,890,1,1
2014VERT01,333bf,12451,891,311,22
2014CABR05,333bf,12468,892,56,3
2015JOLL02,333bf,12489,893,312,35
2015VEER01,333bf,12497,894,173,134
2018YERK02,333bf,12520,895,313,4
2012GOLI02,333bf,12530,896,314,3
2020GROD01,333bf,12562,897,318,43
2018MACH13,333bf,12576,898,319,38
2014GULA02,333bf,12576,898,315,2
2017KOST06,333bf,12576,898,319,30
2013GOME02,333bf,12613,901,321,23
2011KERN02,333bf,12631,902,322,39
2009MAUL01,333bf,12634,903,316,32
2012BENS01,333bf,12654,904,174,135
2016GREE04,333bf,12655,905,175,136
2014ESPI01,333bf,12665,906,317,23
2006DZOA03,333bf,12676,907,176,137
2016ACUN04,333bf,12700,908,318,24
2014KAMA02,333bf,12729,909,323,31
2018PANT03,333bf,12741,910,57,10
2015POWE03,333bf,12742,911,177,138
2007VALK01,333bf,12774,912,324,7
2006TABU02,333bf,12793,913,319,38
2018HAMK01,333bf,12793,913,325,44
2017FURE01,333bf,12800,915,326,12
2018BOND03,333bf,12814,916,327,13
2014SULL02,333bf,12820,917,178,139
2015YINC01,333bf,12830,918,320,5
2007GOHO01,333bf,12833,919,321,16
2012GARC06,333bf,12862,920,179,11
2010CULL01,333bf,12866,921,328,28
2013GERH01,333bf,12871,922,329,40
2017CALD04,333bf,12897,923,58,25
2014BLAI02,333bf,12908,924,330,29
2017KUMA42,333bf,12918,925,322,36
2014MARO01,333bf,12938,926,331,30
2016BUST04,333bf,12943,927,59,3
2016PATT02,333bf,12960,928,180,18
2011KUMA01,333bf,12961,929,323,37
2017WANQ06,333bf,12995,930,324,121
2017DUMM01,333bf,13001,931,332,16
2017XIAN12,333bf,13006,932,325,16
2010KILD02,333bf,13024,933,333,41
2010KIPA01,333bf,13048,934,334,45
2015SUCK01,333bf,13059,935,326,17
2014MODI01,333bf,13092,936,327,38
2017PABI01,333bf,13145,937,335,46
2019SUNY09,333bf,13146,938,328,122
2009TOMA01,333bf,13149,939,336,47
2017MCNE01,333bf,13182,940,36,29
2015HERN17,333bf,13182,940,337,24
2011LIMA01,333bf,13201,942,60,26
2013AYAL03,333bf,13219,943,61,2
2011KNOT01,333bf,13230,944,338,48
2016TABA01,333bf,13235,945,329,25
2011REYN02,333bf,13240,946,339,31
2015YOSH01,333bf,13256,947,330,26
2014STEL02,333bf,13273,948,181,19
2011ANGG04,333bf,13293,949,331,33
2015HUDO01,333bf,13303,950,332,34
2015ROND03,333bf,13323,951,62,11
2009BOUL03,333bf,13328,952,182,20
2021WANG31,333bf,13339,953,333,123
2012CHIE01,333bf,13341,954,183,140
2016XIEY03,333bf,13368,955,334,124
2017PONO01,333bf,13369,956,340,32
2013GOYA01,333bf,13375,957,63,27
2018LUDE01,333bf,13390,958,64,1
2013CONA01,333bf,13397,959,184,141
2017ILIN01,333bf,13450,960,341,33
2017JINJ02,333bf,13467,961,335,125
2013YAMA01,333bf,13475,962,336,39
2014GRIG01,333bf,13514,963,185,142
2005ANGO01,333bf,13523,964,342,25
2016SORI04,333bf,13539,965,186,143
2017AJCA01,333bf,13552,966,187,8
2011BOIS01,333bf,13567,967,343,32
2019QUIS07,333bf,13575,968,65,12
2017HUYN05,333bf,13579,969,188,144
2015STAU01,333bf,13591,970,344,42
2013WUFA03,333bf,13593,971,337,126
2014LUKI03,333bf,13622,972,345,3
2016VENK03,333bf,13655,973,338,39
2016SIMK01,333bf,13669,974,346,3
2018MEHM02,333bf,13672,975,347,1
2015MEDE01,333bf,13674,976,66,3
2011CHAN10,333bf,13689,977,339,127
2015MUDG01,333bf,13702,978,340,40
2009BONN01,333bf,13704,979,348,33
2013MORA02,333bf,13708,980,349,26
2010YANG16,333bf,13710,981,341,128
2011WANG52,333bf,13717,982,342,129
2010SABA01,333bf,13761,983,350,27
2017MEYN01,333bf,13775,984,351,4
2007PERG01,333bf,13777,985,352,13
2008MCKN01,333bf,13785,986,189,145
2016FLOR24,333bf,13809,987,353,17
2016CIRG01,333bf,13812,988,354,3
2008HASH02,333bf,13835,989,343,40
2012TILG02,333bf,13835,989,355,4
2011MOLI01,333bf,13844,991,356,28
2008KARL02,333bf,13875,992,357,43
2005SUSE01,333bf,13887,993,344,41
2012JIAN07,333bf,13915,994,345,130
2011NIAP01,333bf,13921,995,346,4
2014JOYO01,333bf,13980,996,347,18
2008JEWR01,333bf,14005,997,190,146
2017TECU01,333bf,14018,998,191,12
2018JIAO01,333bf,14031,999,348,131
2018BAIX03,333bf,14032,1000,349,132
2008SKAR01,333bf,14045,1001,358,18
2017KODI01,333bf,14075,1002,350,2
2018SKAL02,333bf,14090,1003,192,147
2007SHIR01,333bf,14096,1004,351,42
2016HARL01,333bf,14139,1005,359,34
2013ERTA03,333bf,14146,1006,360,2
2015VANL01,333bf,14165,1007,193,148
2019HORV01,333bf,14189,1008,361,14
2015SHET05,333bf,14196,1009,352,41
2018LIAO08,333bf,14205,1010,353,133
2014ISHI04,333bf,14213,1011,354,43
2017FRIS01,333bf,14242,1012,362,19
2015HSIE02,333bf,14248,1013,355,12
2016DING05,333bf,14251,1014,356,134
2014ZAIT01,333bf,14266,1015,363,14
2010GRAN02,333bf,14279,1016,37,8
2013ABER01,333bf,14287,1017,365,20
2011ARAY01,333bf,14295,1018,67,4
2012ZAVA01,333bf,14339,1019,194,149
2006KASP02,333bf,14348,1020,366,8
2015COPA04,333bf,14356,1021,68,4
2010COOK01,333bf,14360,1022,195,150
2016CHIL02,333bf,14361,1023,357,42
2016MULL04,333bf,14386,1024,196,151
2017TURC02,333bf,14391,1025,367,6
2013JEZI01,333bf,14408,1026,368,49
2009YANG31,333bf,14421,1027,358,17
2015VILL14,333bf,14462,1028,359,27
2017ERSA01,333bf,14467,1029,360,5
2017KROK01,333bf,14472,1030,369,50
2011MARS01,333bf,14473,1031,370,34
2012ELLI01,333bf,14491,1032,197,152
2008MIZU01,333bf,14494,1033,198,153
2016SANT03,333bf,14524,1034,69,28
2017AIRD01,333bf,14554,1035,199,21
2018CRUZ17,333bf,14558,1036,70,1
2018SEON02,333bf,14571,1037,361,19
2017BAUM02,333bf,14574,1038,200,22
2015CHEN87,333bf,14574,1038,362,135
2014RONG01,333bf,14599,1040,371,5
2014SUNG01,333bf,14610,1041,363,136
2017RONA02,333bf,14611,1042,372,4
2015BROW03,333bf,14615,1043,201,154
2014JIME05,333bf,14617,1044,71,10
2016MITC06,333bf,14636,1045,373,35
2013OZCE01,333bf,14639,1046,374,3
2011ARDI03,333bf,14639,1046,364,35
2016AGRA01,333bf,14642,1048,202,155
2012MAHV01,333bf,14688,1049,203,156
2017GRBL01,333bf,14703,1050,375,4
2016LINP04,333bf,14707,1051,365,137
2014HALE02,333bf,14713,1052,366,20
2017MCLE03,333bf,14725,1053,38,30
2013POMI01,333bf,14739,1054,376,51
2011MAHT02,333bf,14750,1055,367,5
2017CUES02,333bf,14773,1056,72,2
2018VARG10,333bf,14785,1057,73,13
2017ROJA17,333bf,14792,1058,204,1
2019ORDO01,333bf,14796,1059,74,11
2006YOUN03,333bf,14819,1060,205,157
2013ZHUR03,333bf,14826,1061,377,35
2005BOUC01,333bf,14827,1062,206,23
2011GREE03,333bf,14829,1063,378,36
2011LOHR01,333bf,14842,1064,379,44
2013ARIZ01,333bf,14857,1065,75,12
2011BHAT02,333bf,14858,1066,368,43
2009YANG06,333bf,14859,1067,369,138
2019SUNT01,333bf,14872,1068,370,139
2010LAND01,333bf,14876,1069,207,13
2008CAOP01,333bf,14885,1070,371,140
2018DUKE01,333bf,14930,1071,208,158
2013VASI02,333bf,14935,1072,380,7
2007HOHU01,333bf,14945,1073,372,6
2015WITM01,333bf,14946,1074,381,9
2016SUYU02,333bf,14948,1075,373,141
2017PRES02,333bf,14954,1076,209,159
2012ADRI01,333bf,14970,1077,382,8
2008ASIS01,333bf,14976,1078,210,24
2015CHAL01,333bf,14977,1079,76,14
2008PEIX01,333bf,15016,1080,374,142
2009TIRA01,333bf,15027,1081,383,30
2009KOMP01,333bf,15031,1082,384,15
2013ERTA02,333bf,15049,1083,385,4
2015LEEJ02,333bf,15084,1084,211,160
2015RHOD02,333bf,15084,1084,211,160
2008VIRO01,333bf,15110,1086,386,34
2015WIDD01,333bf,15112,1087,213,162
2019BAKE06,333bf,15128,1088,39,31
2016DIET01,333bf,15134,1089,387,45
2015FELI01,333bf,15144,1090,77,15
2013MORE11,333bf,15158,1091,375,44
2010KHOO01,333bf,15161,1092,214,25
2018RIAB01,333bf,15166,1093,388,16
2011ALLU01,333bf,15171,1094,215,163
2014DAYM01,333bf,15174,1095,389,37
2018MART18,333bf,15175,1096,390,31
2013LEER01,333bf,15217,1097,216,164
2015ALAN02,333bf,15218,1098,391,21
2010PAUL02,333bf,15223,1099,392,17
2009BATT02,333bf,15227,1100,217,165
2017KALI04,333bf,15240,1101,40,32
2016KINS01,333bf,15251,1102,376,18
2014OHLE01,333bf,15259,1103,393,46
2014JANE01,333bf,15273,1104,394,52
2017ZHUA02,333bf,15285,1105,377,143
2011LUDW01,333bf,15287,1106,395,47
2013GUYU01,333bf,15300,1107,378,144
2017GOLD02,333bf,15300,1107,396,38
2013OBLE01,333bf,15345,1109,397,48
2016ELOV01,333bf,15366,1110,398,8
2018KIMS08,333bf,15366,1110,379,21
2004GALL02,333bf,15368,1112,399,35
2017KUMA30,333bf,15370,1113,380,45
2015ZHYD01,333bf,15380,1114,400,17
2014SAID02,333bf,15399,1115,401,2
2017PARK04,333bf,15419,1116,218,166
2012XIAR01,333bf,15419,1116,381,145
2014BELK01,333bf,15421,1118,219,167
2017ALEM01,333bf,15444,1119,78,16
2011IRIF01,333bf,15448,1120,382,44
2014OLIV14,333bf,15452,1121,79,29
2016BRIJ01,333bf,15456,1122,220,168
2015CHEN30,333bf,15459,1123,383,146
2017AVIL07,333bf,15468,1124,221,9
2012CAPP01,333bf,15469,1125,402,18
2013MIRA02,333bf,15471,1126,80,30
2007COMP01,333bf,15491,1127,2,2
2014BOYL01,333bf,15552,1128,41,33
2013HUAN07,333bf,15557,1129,222,169
2011FYDR01,333bf,15569,1130,403,53
2003MAKI01,333bf,15570,1131,384,45
2008HINL01,333bf,15574,1132,385,7
2016LUKU01,333bf,15628,1133,386,147
2016SILV07,333bf,15629,1134,404,9
2016IDRU01,333bf,15649,1135,387,19
2015FAVA01,333bf,15668,1136,405,19
2010HARI01,333bf,15673,1137,388,36
2010ZHAO11,333bf,15689,1138,389,148
2016LAIL01,333bf,15719,1139,390,149
2016DONG02,333bf,15723,1140,391,150
2011SALG01,333bf,15738,1141,81,13
2015VACA01,333bf,15767,1142,82,5
2012PLAC01,333bf,15770,1143,406,20
2014MENO01,333bf,15778,1144,392,28
2008NIEL01,333bf,15812,1145,407,8
2012JEFF01,333bf,15824,1146,408,39
2012VERS03,333bf,15826,1147,409,10
2012CHON03,333bf,15841,1148,393,13
2005HANT01,333bf,15856,1149,410,15
2014ENES01,333bf,15876,1150,411,9
2014GISB01,333bf,15878,1151,412,32
2016GULI02,333bf,15892,1152,413,21
2016SOUS06,333bf,15897,1153,83,31
2020QUAN03,333bf,15902,1154,394,3
2017KERY01,333bf,15961,1155,414,18
2015SANC02,333bf,15973,1156,84,17
2007LOPE01,333bf,15974,1157,415,33
2009DIMP01,333bf,15981,1158,416,22
2017KIRA01,333bf,15983,1159,395,46
2007JAKU01,333bf,16005,1160,417,54
2011TORG01,333bf,16006,1161,418,0
2015SPEN01,333bf,16052,1162,419,40
2018PRAS05,333bf,16059,1163,396,6
2014SORI05,333bf,16061,1164,223,14
2010GROB02,333bf,16073,1165,420,49
2009LOHU01,333bf,16074,1166,397,14
2019SHUL03,333bf,16075,1167,421,19
2013HEIN01,333bf,16085,1168,85,32
2015DUBR01,333bf,16092,1169,422,37
2017JIHA01,333bf,16097,1170,398,151
2009CHAN15,333bf,16105,1171,399,37
2017EZEN01,333bf,16114,1172,423,11
2017PIHE01,333bf,16136,1173,424,3
2009KRUU01,333bf,16163,1174,425,4
2005LODA01,333bf,16171,1175,224,170
2016BORG02,333bf,16192,1176,401,47
2007ADSU01,333bf,16237,1177,225,171
2017RAMI08,333bf,16270,1178,226,15
2007FUBO01,333bf,16303,1179,402,153
2016XIAZ02,333bf,16333,1180,403,154
2010IBAR01,333bf,16337,1181,426,34
2014SZWU01,333bf,16374,1182,427,55
2007NISH01,333bf,16384,1183,404,46
2012LIUB01,333bf,16387,1184,227,172
2017LAMB06,333bf,16389,1185,228,173
2009XUAN03,333bf,16398,1186,405,155
2015VOON01,333bf,16420,1187,406,20
2008LINE01,333bf,16425,1188,229,26
2014MUTC01,333bf,16426,1189,230,27
2005LUCZ01,333bf,16433,1190,428,56
2012IVAN01,333bf,16439,1191,429,20
2017ZHAN19,333bf,16440,1192,407,156
2012WANG18,333bf,16441,1193,408,157
2015NHAT02,333bf,16453,1194,409,4
2015RAMI14,333bf,16475,1195,231,2
2013VIDA02,333bf,16506,1196,86,9
2013FARI02,333bf,16524,1197,232,174
2009LOOS01,333bf,16528,1198,430,50
2018MULL07,333bf,16529,1199,431,51
2018ZENG01,333bf,16535,1200,233,28
2008OMYO01,333bf,16544,1201,410,47
2015TAKE01,333bf,16550,1202,411,48
2017THIO01,333bf,16558,1203,432,36
2013BALI01,333bf,16561,1204,234,175
2008ZHON01,333bf,16595,1205,412,158
2013DIAS03,333bf,16642,1206,87,33
2007OMUR01,333bf,16643,1207,413,49
2015MLOS01,333bf,16643,1207,433,57
2015XUWE02,333bf,16647,1209,414,159
2017YANG62,333bf,16669,1210,235,29
2011ZAKR01,333bf,16675,1211,434,58
2012BROU01,333bf,16676,1212,236,30
2008WONE01,333bf,16687,1213,237,176
2015GREI01,333bf,16703,1214,238,177
2017HOON01,333bf,16743,1215,415,21
2008PUTH01,333bf,16745,1216,416,48
2015ZHAN27,333bf,16770,1217,417,160
2019RYDL01,333bf,16771,1218,435,59
2018PANO01,333bf,16773,1219,436,38
2017HOFR01,333bf,16790,1220,239,178
2012WALK02,333bf,16810,1221,240,179
2012PATE01,333bf,16840,1222,437,0
2019SHKO01,333bf,16846,1223,438,1
2014YANG11,333bf,16849,1224,418,161
2015WUHA05,333bf,16863,1225,419,15
2009SIEW03,333bf,16867,1226,420,22
2019BRUC06,333bf,16871,1227,42,34
2012JAYA03,333bf,16918,1228,421,49
2015RAME01,333bf,16964,1229,241,31
2015SUNG01,333bf,16965,1230,422,29
2016FAUS01,333bf,16989,1231,242,180
2017ZHUY07,333bf,17005,1232,423,162
2016TIAN04,333bf,17014,1233,424,16
2010MACA01,333bf,17024,1234,43,35
2019MARK03,333bf,17069,1235,439,3
2008RODR01,333bf,17085,1236,440,35
2017LIWI03,333bf,17114,1237,243,181
2008HANG01,333bf,17115,1238,425,8
2009CHAO03,333bf,17143,1239,426,163
2010RUGA01,333bf,17148,1240,427,38
2011THOM01,333bf,17153,1241,244,182
2008SMIT01,333bf,17155,1242,245,183
2016SILV02,333bf,17173,1243,88,34
2017LIND01,333bf,17186,1244,441,22
2013SAYP01,333bf,17193,1245,246,10
2010REHA01,333bf,17207,1246,428,39
2014CORD04,333bf,17212,1247,89,18
2017LIZH13,333bf,17214,1248,429,164
2017HICK03,333bf,17220,1249,247,184
2012MAYE01,333bf,17240,1250,442,13
2007VUNI01,333bf,17267,1251,248,185
2011CHOI02,333bf,17272,1252,443,52
2003POCH01,333bf,17277,1253,444,53
2014VIKS02,333bf,17285,1254,445,10
2014CHOL01,333bf,17296,1255,249,186
2014BLOC01,333bf,17331,1256,250,187
2010TANE01,333bf,17333,1257,430,50
2017DAIF01,333bf,17360,1258,431,165
2017BOLO01,333bf,17361,1259,251,32
2016GOTT01,333bf,17370,1260,252,188
2013STRE01,333bf,17379,1261,253,189
2017PATT06,333bf,17380,1262,254,190
2016FUTA01,333bf,17389,1263,432,50
2006ORLA01,333bf,17389,1263,432,51
2014HAGM01,333bf,17395,1265,446,23
2017YUZH03,333bf,17435,1266,434,166
2014LEEY01,333bf,17441,1267,255,191
2010GREG01,333bf,17445,1268,447,4
2014BELL02,333bf,17553,1269,256,192
2010OMUL02,333bf,17554,1270,448,5
2013ROGA02,333bf,17557,1271,449,60
2016AREN01,333bf,17560,1272,450,36
2017SUGO01,333bf,17592,1273,435,40
2007PAPA01,333bf,17602,1274,436,30
2008BUCS01,333bf,17610,1275,90,35
2017ALAY02,333bf,17614,1276,257,11
2017MELL02,333bf,17621,1277,451,14
2017BRYA06,333bf,17628,1278,258,193
2010CORM02,333bf,17709,1279,259,33
2017CUDE01,333bf,17716,1280,452,37
2017AGUI15,333bf,17723,1281,91,19
2017YANR02,333bf,17740,1282,437,167
2018ABLA01,333bf,17741,1283,453,5
2011MELI01,333bf,17748,1284,454,21
2011WANG30,333bf,17759,1285,438,168
2009AGUS01,333bf,17770,1286,439,41
2015CLAR13,333bf,17773,1287,455,41
2013SILV01,333bf,17789,1288,92,36
2008YUNS02,333bf,17806,1289,440,22
2015SKAC02,333bf,17810,1290,456,39
2015CALL05,333bf,17815,1291,441,31
2012YEMI01,333bf,17822,1292,457,38
2015JONE07,333bf,17828,1293,458,42
2009PUTR07,333bf,17847,1294,442,42
2016NILS03,333bf,17875,1295,459,6
2015HIGG01,333bf,17894,1296,260,194
2011BALA03,333bf,17928,1297,460,16
2017ALMO03,333bf,17933,1298,443,1
2019BANG01,333bf,17956,1299,444,7
2010LIUR02,333bf,17984,1300,445,169
2008LOPE03,333bf,18012,1301,261,16
2010JANG01,333bf,18014,1302,446,17
2012BARI01,333bf,18016,1303,461,6
2014ERNE01,333bf,18037,1304,44,36
2015ZHUX01,333bf,18040,1305,447,170
2017OSOV01,333bf,18063,1306,462,40
2015SANC11,333bf,18072,1307,262,195
2014JIAN14,333bf,18092,1308,45,9
2010RAMA10,333bf,18134,1309,448,43
2014NURH01,333bf,18136,1310,449,44
2014STIN01,333bf,18139,1311,263,196
2010ADHI02,333bf,18160,1312,450,45
2006OOKU02,333bf,18196,1313,451,51
2014ESWA01,333bf,18211,1314,452,52
2015NIET01,333bf,18218,1315,93,5
2010MLLE02,333bf,18228,1316,463,54
2016CETR01,333bf,18265,1317,464,55
2016TUCH02,333bf,18267,1318,465,43
2018YUAN02,333bf,18268,1319,466,2
2011SOKO02,333bf,18289,1320,467,41
2017KITA01,333bf,18299,1321,453,52
2012VASH01,333bf,18310,1322,468,3
2006BYUN01,333bf,18316,1323,454,23
2010WIBO01,333bf,18375,1324,455,46
2016SHAN03,333bf,18398,1325,456,171
2012MARI04,333bf,18419,1326,94,14
2010MARU01,333bf,18435,1327,457,47
2015MYEO01,333bf,18435,1327,457,24
2018DUAA01,333bf,18453,1329,264,197
2019LYTN01,333bf,18455,1330,469,42
2013PENA05,333bf,18455,1330,95,15
2005ZOLN01,333bf,18459,1332,470,61
2013CHEN13,333bf,18467,1333,459,172
2004HERM01,333bf,18511,1334,471,24
2018SEON04,333bf,18522,1335,460,25
2008KOVA01,333bf,18531,1336,472,17
2014ZAUS01,333bf,18535,1337,473,62
2013PANT01,333bf,18562,1338,474,10
2010SMIR01,333bf,18562,1338,474,43
2015SHAH09,333bf,18614,1340,265,198
2008FUKA01,333bf,18620,1341,461,53
2013HAHN02,333bf,18638,1342,476,56
2010MULI01,333bf,18639,1343,462,48
2012CARL03,333bf,18668,1344,477,39
2010VAHT01,333bf,18671,1345,478,5
2016HUAN35,333bf,18680,1346,463,173
2015TALL01,333bf,18711,1347,479,7
2012EJLE01,333bf,18717,1348,480,25
2017DAVI03,333bf,18797,1349,481,44
2017RAUH01,333bf,18819,1350,482,11
2020BUBA01,333bf,18829,1351,483,63
2018TANA03,333bf,18829,1351,464,49
2016JARM01,333bf,18829,1351,46,37
2018BUSK02,333bf,18837,1354,484,57
2016FANG12,333bf,18898,1355,465,174
2015KAMO01,333bf,18909,1356,466,54
2013TOKA01,333bf,18921,1357,485,64
2014RODR30,333bf,18928,1358,266,12
2016CHEH02,333bf,18972,1359,467,175
2011MILL01,333bf,18996,1360,267,199
2019KOZL05,333bf,19023,1361,486,22
2013SING12,333bf,19024,1362,468,53
2016MANN01,333bf,19045,1363,268,200
2017ANDE05,333bf,19113,1364,269,201
2014LLOY02,333bf,19125,1365,47,38
2011LONG02,333bf,19126,1366,487,40
2018CHHU01,333bf,19128,1367,469,54
2014FURE01,333bf,19147,1368,488,41
2014PRID01,333bf,19157,1369,48,39
2014LISH01,333bf,19191,1370,470,176
2017DONA06,333bf,19222,1371,471,32
2014KARN02,333bf,19240,1372,270,202
2016ORDA01,333bf,19242,1373,96,10
2010MICH03,333bf,19253,1374,472,50
2011BILC01,333bf,19256,1375,489,23
2014OGIN01,333bf,19266,1376,473,55
2016LECO01,333bf,19300,1377,490,42
2015DURU01,333bf,19362,1378,474,55
2018WUMI02,333bf,19379,1379,475,177
2011KOWO01,333bf,19380,1380,491,65
2012LIUH01,333bf,19390,1381,476,178
2013LKHA01,333bf,19391,1382,477,2
2015SEUN01,333bf,19428,1383,478,26
2017SAKA02,333bf,19493,1384,271,203
2014KUNR01,333bf,19517,1385,97,37
2015KULS02,333bf,19539,1386,479,56
2005HSUA01,333bf,19601,1387,272,204
2014RAOS02,333bf,19605,1388,480,57
2014BETE01,333bf,19605,1388,492,5
2013BEES01,333bf,19640,1390,493,58
2016PICC05,333bf,19676,1391,49,40
2010LIRA01,333bf,19692,1392,50,41
2016KOIZ01,333bf,19698,1393,481,56
2011ZENG01,333bf,19803,1394,482,179
2010AZAR01,333bf,19808,1395,483,51
2012IVAN03,333bf,19823,1396,494,44
2016MULL05,333bf,19830,1397,273,205
2016WUHE01,333bf,19839,1398,484,180
2017NGHI04,333bf,19864,1399,485,5
2014MAKU02,333bf,19896,1400,495,5
2013SZUM01,333bf,19898,1401,496,66
2018TING05,333bf,19926,1402,51,42
2016NAUD01,333bf,19936,1403,497,5
2015SONM01,333bf,19974,1404,498,45
2013SAVI01,333bf,19991,1405,274,206
2011ENGB02,333bf,19991,1405,499,26
2006ARAK01,333bf,20002,1407,486,57
2014KIMJ02,333bf,20025,1408,487,27
2013CHOI04,333bf,20025,1408,275,207
2014ZUNI02,333bf,20030,1410,276,17
2017MAHE08,333bf,20032,1411,488,58
2007ROKA01,333bf,20037,1412,500,18
2010DONA01,333bf,20048,1413,277,208
2015LYON01,333bf,20099,1414,278,209
2007CINO01,333bf,20100,1415,98,38
2011CHAU05,333bf,20109,1416,279,210
2005FUNG01,333bf,20112,1417,501,12
2012SHRI01,333bf,20119,1418,489,59
2014SALA15,333bf,20234,1419,280,18
2008SEAR01,333bf,20244,1420,281,211
2011GJER02,333bf,20246,1421,502,8
2007BLAC01,333bf,20252,1422,282,212
2010OREL02,333bf,20274,1423,503,37
2014HUAN07,333bf,20307,1424,490,181
2016PUTT01,333bf,20308,1425,504,12
2013LIHU01,333bf,20345,1426,491,18
2017SUKH01,333bf,20366,1427,505,46
2007LUCH01,333bf,20421,1428,492,19
2007BRIT01,333bf,20424,1429,99,39
2018CUSC01,333bf,20425,1430,506,23
2009KITM01,333bf,20443,1431,493,9
2014MATH02,333bf,20445,1432,507,59
2010YUAN08,333bf,20472,1433,494,182
2017YULM01,333bf,20475,1434,508,47
2012LEEJ06,333bf,20549,1435,283,213
2012KUOV01,333bf,20555,1436,52,43
2013ESTE02,333bf,20556,1437,100,40
2014SANT16,333bf,20556,1437,100,40
2014SUAR05,333bf,20557,1439,102,20
2018YANY05,333bf,20569,1440,495,183
2011ZHUT01,333bf,20578,1441,496,184
2016SAHN01,333bf,20662,1442,497,60
2016WUZI01,333bf,20664,1443,498,185
2008ABAN01,333bf,20669,1444,499,33
2014BUKO01,333bf,20671,1445,103,4
2017DZUL02,333bf,20684,1446,500,23
2013COST03,333bf,20687,1447,284,2
2008CLAR01,333bf,20707,1448,285,34
2010YUGI02,333bf,20713,1449,501,52
2016GARC08,333bf,20723,1450,502,34
2010RANI01,333bf,20731,1451,503,61
2012KISH03,333bf,20753,1452,504,62
2016GUST02,333bf,20776,1453,286,214
2017EXNE01,333bf,20784,1454,509,9
2003VOMB01,333bf,20791,1455,510,6
2015CACE01,333bf,20805,1456,104,21
2015NICH04,333bf,20839,1457,511,45
2017GYAW01,333bf,20844,1458,287,215
2011DARM01,333bf,20857,1459,505,53
2013FENG02,333bf,20946,1460,506,186
2013YUSH01,333bf,20961,1461,512,4
2018AZHA03,333bf,20981,1462,507,54
2016WANG10,333bf,20989,1463,508,187
2013MATE01,333bf,20992,1464,509,35
2016KANI01,333bf,21042,1465,53,44
2011YULI01,333bf,21165,1466,510,55
2016CUIY04,333bf,21183,1467,511,188
2013IORD01,333bf,21232,1468,513,11
2015KANS01,333bf,21242,1469,514,10
2014ELLI01,333bf,21294,1470,288,216
2011ZENG02,333bf,21307,1471,512,189
2014SHUM01,333bf,21388,1472,515,5
2010KOHL02,333bf,21482,1473,516,15
2017GLOD01,333bf,21507,1474,517,1
2017LOTZ01,333bf,21527,1475,518,60
2012LUTC01,333bf,21531,1476,289,217
2014WILD03,333bf,21537,1477,290,218
2013KAMI03,333bf,21538,1478,519,6
2013BURL01,333bf,21538,1478,519,67
2015OLEC01,333bf,21544,1480,521,68
2014DETL01,333bf,21562,1481,522,11
2010JIAZ01,333bf,21588,1482,513,190
2019JIWE02,333bf,21601,1483,514,191
2019FONG04,333bf,21619,1484,291,219
2013RUIX02,333bf,21622,1485,515,192
2014SAMP01,333bf,21622,1485,105,42
2007SEUN02,333bf,21628,1487,516,28
2014MARQ02,333bf,21630,1488,106,43
2010WEYE02,333bf,21655,1489,523,61
2014ZYCH01,333bf,21669,1490,524,69
2013RAMI02,333bf,21688,1491,292,13
2006FRAN01,333bf,21746,1492,525,70
2018XIAN05,333bf,21750,1493,517,193
2011AMOR01,333bf,21794,1494,107,16
2010WIDO01,333bf,21808,1495,518,56
2017TRAN08,333bf,21857,1496,293,220
2011ORGA01,333bf,21880,1497,526,38
2016ZHEN09,333bf,21946,1498,519,24
2006KIMB01,333bf,21969,1499,294,221
2015ACHA01,333bf,21982,1500,108,22
2011STAI01,333bf,21986,1501,295,35
2012ROBO02,333bf,21989,1502,527,48
2010KURN03,333bf,22016,1503,520,57
2017CAYT01,333bf,22031,1504,109,23
2009HUAN10,333bf,22045,1505,521,20
2016BUCK01,333bf,22055,1506,528,62
2007LIBI01,333bf,22059,1507,522,194
2013ZHYH01,333bf,22091,1508,529,24
2017ZHAD01,333bf,22116,1509,523,6
2008LEEF01,333bf,22123,1510,296,222
2010ZHAO12,333bf,22129,1511,297,36
2012QUIA01,333bf,22135,1512,524,36
2017OSCA02,333bf,22150,1513,110,24
2016PANN02,333bf,22154,1514,530,24
2014WHIT07,333bf,22172,1515,298,223
2010LEAN02,333bf,22178,1516,531,12
2012HINO01,333bf,22182,1517,525,58
2017CARA04,333bf,22186,1518,526,37
2007CHAN07,333bf,22191,1519,299,37
2009HORM02,333bf,22219,1520,532,63
2015CHEN82,333bf,22237,1521,300,224
2014SZEP01,333bf,22307,1522,533,19
2017MORO02,333bf,22321,1523,534,49
2012DESO02,333bf,22341,1524,301,38
2012FAHM02,333bf,22362,1525,527,58
2013COPP01,333bf,22379,1526,535,46
2011DANA01,333bf,22404,1527,528,59
2017KUKU01,333bf,22438,1528,536,50
2016KRUE03,333bf,22470,1529,302,225
2012DANI01,333bf,22496,1530,537,7
2018STEP07,333bf,22528,1531,54,45
2015JORG01,333bf,22531,1532,538,12
2012AGNE01,333bf,22550,1533,539,64
2010TIAN03,333bf,22557,1534,529,195
2013GRIG01,333bf,22594,1535,540,13
2012GONZ02,333bf,22595,1536,111,17
2018SOLA05,333bf,22606,1537,530,63
2017GEIS02,333bf,22632,1538,541,16
2016GAMM02,333bf,22645,1539,531,38
2012VAID02,333bf,22675,1540,532,64
2016MASI01,333bf,22698,1541,112,11
2017VARE01,333bf,22721,1542,303,2
2012MISH01,333bf,22777,1543,533,65
2008ZHAO05,333bf,22786,1544,534,196
2012PICC01,333bf,22786,1544,542,25
2016ZHAN17,333bf,22792,1546,535,197
2017SKRY01,333bf,22813,1547,543,51
2015DIAZ03,333bf,22829,1548,304,19
2017KEKK01,333bf,22841,1549,544,13
2006GALE01,333bf,22897,1550,545,13
2004ZAMO01,333bf,22913,1551,305,226
2014EGOR01,333bf,22937,1552,546,52
2009GORY01,333bf,22940,1553,547,53
2013VAKU01,333bf,22969,1554,306,227
2015BANE03,333bf,23171,1555,536,66
2013WAGN01,333bf,23174,1556,548,4
2011ZAWA01,333bf,23198,1557,537,60
2016STAN04,333bf,23256,1558,55,10
2019LIAA01,333bf,23328,1559,307,228
2017DASA03,333bf,23392,1560,538,67
2017ROSS10,333bf,23455,1561,113,12
2016WANS07,333bf,23529,1562,539,198
2011GROG02,333bf,23541,1563,308,229
2013CHUS01,333bf,23551,1564,549,54
2013RENN01,333bf,23574,1565,114,44
2012TERE01,333bf,23600,1566,550,8
2013ZABA02,333bf,23604,1567,115,18
2010ALVA01,333bf,23606,1568,116,6
2016MARB01,333bf,23658,1569,540,39
2015SONG11,333bf,23730,1570,541,199
2018SAMP01,333bf,23734,1571,309,230
2014WALK05,333bf,23763,1572,310,231
2018ANDE06,333bf,23783,1573,311,232
2016RUEB01,333bf,23787,1574,551,65
2019GUOY04,333bf,23790,1575,542,200
2018WANG01,333bf,23851,1576,543,201
2015LIUW02,333bf,23855,1577,544,21
2016DEIB01,333bf,23855,1577,312,39
2014MEND02,333bf,23910,1579,313,20
2015CHER02,333bf,23916,1580,552,55
2010SWAR01,333bf,23946,1581,545,68
2017GONZ39,333bf,23966,1582,546,40
2008WITG01,333bf,23968,1583,553,14
2011ETTE01,333bf,23988,1584,314,233
2014SIME01,333bf,24000,1585,56,46
2018GRAG01,333bf,24011,1586,554,15
2010ESPI01,333bf,24021,1587,555,39
2016RAJA06,333bf,24102,1588,315,234
2019ABCO01,333bf,24118,1589,556,16
2013BLAN01,333bf,24137,1590,557,43
2012ASKJ01,333bf,24155,1591,558,9
2015CABE01,333bf,24214,1592,117,7
2009PETI01,333bf,24221,1593,559,44
2014NIEL03,333bf,24242,1594,316,235
2010FATH01,333bf,24246,1595,547,61
2017RODR74,333bf,24271,1596,560,17
2014MARK02,333bf,24275,1597,561,4
2009GIOR01,333bf,24280,1598,562,26
2016SHTY01,333bf,24284,1599,563,56
2015GOEL03,333bf,24363,1600,548,69
2014CAMP04,333bf,24379,1601,549,41
2015BOUS02,333bf,24389,1602,3,1
2016CARD01,333bf,24425,1603,317,21
2018KENE01,333bf,24452,1604,550,7
2009CHAT03,333bf,24489,1605,551,7
2013LIUR01,333bf,24500,1606,552,202
2015NJAM01,333bf,24517,1607,564,10
2012YIND01,333bf,24566,1608,553,203
2014WANG17,333bf,24598,1609,318,40
2013STRO01,333bf,24676,1610,565,14
2015ALMA01,333bf,24689,1611,118,19
2013DANY01,333bf,24710,1612,566,25
2017SRIV11,333bf,24725,1613,554,70
2010CARV01,333bf,24828,1614,119,45
2010GOLD01,333bf,24857,1615,319,236
2012ZAKE01,333bf,24894,1616,567,6
2013LIHA02,333bf,24949,1617,555,204
2006BURN01,333bf,24958,1618,568,71
2011LIMR01,333bf,24961,1619,320,237
2010CHEU01,333bf,24996,1620,321,41
2014TONO01,333bf,25021,1621,120,46
2011SULI01,333bf,25023,1622,556,62
2016AVER01,333bf,25048,1623,322,238
2011LIUZ06,333bf,25073,1624,557,205
2007AGUA01,333bf,25086,1625,569,40
2015BART06,333bf,25094,1626,57,11
2018DREI02,333bf,25112,1627,570,6
2010GIRO01,333bf,25115,1628,571,27
2015LAGU01,333bf,25131,1629,572,57
2016DORS01,333bf,25203,1630,573,17
2017ERMA03,333bf,25215,1631,574,58
2007ZHAN03,333bf,25256,1632,558,206
2010MIAZ01,333bf,25265,1633,575,72
2014IHSA01,333bf,25310,1634,559,63
2013SHIM02,333bf,25352,1635,560,59
2016SHAR16,333bf,25377,1636,576,7
2014YUNO01,333bf,25399,1637,121,47
2009KOZA01,333bf,25418,1638,577,73
2016SERA04,333bf,25427,1639,578,2
2003BURT01,333bf,25435,1640,323,239
2007YUGU01,333bf,25451,1641,561,207
2013KRAV01,333bf,25451,1641,579,26
2010SANC04,333bf,25458,1643,324,22
2007XUST01,333bf,25479,1644,325,240
2012CHAJ01,333bf,25670,1645,562,29
2013TIUL01,333bf,25740,1646,326,241
2013KHAN06,333bf,25787,1647,563,6
2014KOVA06,333bf,25799,1648,580,27
2008SHAN01,333bf,25887,1649,564,71
2012WERD01,333bf,25914,1650,565,64
2018YIKL01,333bf,25931,1651,566,25
2016FRAG01,333bf,26028,1652,581,18
2013SANC05,333bf,26034,1653,122,2
2017RUST01,333bf,26088,1654,567,3
2012GAOK01,333bf,26097,1655,568,208
2014ESCO02,333bf,26177,1656,327,14
2017DOVH02,333bf,26267,1657,582,28
2017HAGN02,333bf,26274,1658,583,14
2012LIMR01,333bf,26329,1659,58,47
2014LAFO01,333bf,26370,1660,584,45
2017LEED02,333bf,26395,1661,328,242
2007WAPP01,333bf,26454,1662,329,243
2016KAVI01,333bf,26468,1663,569,72
2018SOSA08,333bf,26474,1664,330,244
2011FREI01,333bf,26496,1665,123,48
2019PAVL04,333bf,26594,1666,585,59
2015QINH02,333bf,26643,1667,570,209
2014FERR09,333bf,26705,1668,124,49
2012TALB01,333bf,26719,1669,586,47
2010SYAH03,333bf,26731,1670,571,26
2011AOSI01,333bf,26753,1671,587,4
2008PHEL01,333bf,26757,1672,331,245
2013HUBH01,333bf,26816,1673,588,66
2013DONA02,333bf,26821,1674,332,3
2012MAUR01,333bf,26847,1675,589,7
2015PINO01,333bf,26981,1676,125,25
2011FOYL01,333bf,26982,1677,59,48
2017PURB01,333bf,27064,1678,572,65
2011WIJA03,333bf,27121,1679,573,66
2015TSAI06,333bf,27177,1680,574,22
2006LINC01,333bf,27315,1681,575,23
2009DANG01,333bf,27348,1682,576,210
2018CHES14,333bf,27410,1683,577,211
2017ZHUX01,333bf,27412,1684,578,212
2014BAIR01,333bf,27463,1685,333,246
2011KRAG02,333bf,27481,1686,590,13
2012HAID01,333bf,27513,1687,579,73
2017TIMO01,333bf,27566,1688,591,11
2017MOHL01,333bf,27627,1689,592,67
2012FANG03,333bf,27635,1690,580,213
2015ARJA01,333bf,27683,1691,593,15
2013BRIT01,333bf,27711,1692,126,50
2015FLOR15,333bf,27721,1693,334,247
2013HEBE01,333bf,27732,1694,335,42
2015GUBA02,333bf,27733,1695,594,60
2006BITE01,333bf,27880,1696,595,27
2012NICO02,333bf,27886,1697,596,28
2009PLIT01,333bf,27922,1698,597,61
2008PIAU01,333bf,27985,1699,598,46
2009MYSH01,333bf,28018,1700,599,62
2014BRED02,333bf,28044,1701,600,12
2018JOHN22,333bf,28198,1702,336,248
2013MORE07,333bf,28324,1703,127,51
2019HANS01,333bf,28377,1704,337,43
2017LIPE01,333bf,28492,1705,60,49
2009ZHAN24,333bf,28622,1706,581,214
2013SALA07,333bf,28780,1707,128,8
2013FUEN01,333bf,28781,1708,129,9
2013GOOD01,333bf,28814,1709,338,249
2015KITA02,333bf,28829,1710,130,52
2018MAKN01,333bf,28836,1711,4,2
2018POON02,333bf,28852,1712,582,42
2019SANT25,333bf,28867,1713,131,53
2018PALA03,333bf,28981,1714,601,29
2012MRZI02,333bf,28984,1715,602,68
2016BALA15,333bf,29047,1716,339,250
2016CALB01,333bf,29058,1717,132,10
2017VLAD02,333bf,29078,1718,603,15
2015YIYU01,333bf,29093,1719,583,215
2015REIS02,333bf,29145,1720,604,19
2012HAML01,333bf,29175,1721,133,13
2006KIED01,333bf,29184,1722,605,74
2015TAKA04,333bf,29238,1723,584,60
2010WHIT05,333bf,29292,1724,340,251
2013SARA02,333bf,29295,1725,585,74
2010ADRI01,333bf,29461,1726,586,67
2016SILV57,333bf,29467,1727,134,54
2004FONN01,333bf,29500,1728,606,13
2016ULKU01,333bf,29541,1729,607,16
2016XIEJ01,333bf,29636,1730,341,252
2017NEWT04,333bf,29815,1731,342,253
2013GONZ07,333bf,29894,1732,135,3
2017SIEB03,333bf,29947,1733,608,69
2017SILV11,333bf,29960,1734,136,55
2010PERE01,333bf,30066,1735,137,11
2009ROHR01,333bf,30319,1736,609,5
2004CHAN01,333bf,30331,1737,343,254
2017ANHN08,333bf,30345,1738,587,7
2009PARE02,333bf,30391,1739,610,41
2014ANBU01,333bf,30443,1740,588,75
2018MAZH01,333bf,30492,1741,611,63
2016MASO01,333bf,30509,1742,589,5
2012ATAM01,333bf,30519,1743,612,30
2017MARQ09,333bf,30551,1744,590,43
2006BARL01,333bf,30669,1745,613,48
2018DAVI08,333bf,30715,1746,344,255
2015LIUZ01,333bf,31094,1747,591,216
2016KIEB01,333bf,31140,1748,614,18
2008SZER01,333bf,31167,1749,615,20
2009LASS01,333bf,31246,1750,138,12
2013KHIK01,333bf,31302,1751,616,31
2008TURN02,333bf,31367,1752,345,256
2018HUDO01,333bf,31429,1753,346,44
2014LAGA02,333bf,31540,1754,592,44
2020WONR01,333bf,31640,1755,61,50
2017JENS01,333bf,31650,1756,347,45
2005LEVI01,333bf,31654,1757,348,257
2013DEWE01,333bf,31671,1758,617,8
2013GUIT01,333bf,31785,1759,349,15
2014ADOR01,333bf,31796,1760,618,17
2015RODO01,333bf,31838,1761,139,56
2016CHOW03,333bf,31839,1762,350,46
2014PENA03,333bf,31868,1763,140,4
2015BURK03,333bf,31919,1764,351,258
2014LUEV01,333bf,32040,1765,352,23
2008LAUR01,333bf,32133,1766,619,47
2013FILI01,333bf,32134,1767,141,5
2015YEAN01,333bf,32205,1768,593,30
2015SENA02,333bf,32241,1769,594,68
2015SLIP01,333bf,32258,1770,620,32
2014HANS01,333bf,32373,1771,5,3
2016WHEE01,333bf,32513,1772,353,259
2010ROJA01,333bf,32537,1773,142,13
2012BRUN01,333bf,32578,1774,621,70
2007KWAN02,333bf,32661,1775,595,31
2010ROSE03,333bf,32727,1776,143,20
2017ARAN06,333bf,32752,1777,354,24
2011BRZE01,333bf,32790,1778,622,71
2010HWAN02,333bf,32807,1779,355,260
2012OTAN01,333bf,32814,1780,623,42
2015SAMB01,333bf,32925,1781,596,76
2011XUZH02,333bf,33115,1782,597,217
2015WYSS01,333bf,33201,1783,624,48
2014KUMA21,333bf,33213,1784,598,77
2005FLEI01,333bf,33239,1785,356,261
2010SENG01,333bf,33265,1786,599,27
2017CAST48,333bf,33290,1787,357,1
2017GOME28,333bf,33410,1788,144,57
2018GRAH05,333bf,33490,1789,358,262
2013SPAD01,333bf,33806,1790,625,29
2014SING12,333bf,33813,1791,600,78
2012ROBL01,333bf,33869,1792,145,26
2018NANN01,333bf,34027,1793,359,47
2010ZHAN01,333bf,34080,1794,601,218
2017LIAN32,333bf,34138,1795,360,2
2014BLAY01,333bf,34204,1796,626,43
2011KIBE01,333bf,34304,1797,602,79
2017VINJ01,333bf,34513,1798,603,80
2010ZAKY01,333bf,34698,1799,604,69
2017JIME13,333bf,34744,1800,361,25
2017SUDA01,333bf,35044,1801,605,81
2017ANEE01,333bf,35131,1802,606,82
2015MURN01,333bf,35140,1803,627,64
2011HAYA02,333bf,35182,1804,607,61
2013KIMT01,333bf,35315,1805,608,32
2013KANN03,333bf,35639,1806,609,83
2017ZUNI05,333bf,35677,1807,362,26
2016WANG11,333bf,35733,1808,610,24
2009KOUR01,333bf,35810,1809,628,49
2011SIDA01,333bf,36152,1810,629,6
2015AROR04,333bf,36164,1811,611,84
2012QUER01,333bf,36183,1812,146,14
2015YIFE01,333bf,36304,1813,612,0
2013FOUR01,333bf,36508,1814,630,2
2010PRAJ01,333bf,36521,1815,613,70
2017MUMT01,333bf,36927,1816,614,71
2012MCMI01,333bf,36929,1817,363,263
2011VIOL01,333bf,36957,1818,631,30
2014PAUL02,333bf,37066,1819,364,4
2012TLYA01,333bf,37150,1820,632,65
2017KIPP01,333bf,37161,1821,633,6
2013KIMD01,333bf,37366,1822,615,33
2020AGAR01,333bf,37525,1823,616,85
2005KOSE01,333bf,37704,1824,617,62
2015CHAN28,333bf,38061,1825,618,34
2012NETO01,333bf,38127,1826,147,58
2017GUTI13,333bf,38350,1827,365,27
2016HOOV01,333bf,38546,1828,366,264
2005MARI01,333bf,38738,1829,634,44
2010RICH03,333bf,38757,1830,367,265
2008FLAS01,333bf,38793,1831,368,266
2013JORD01,333bf,38820,1832,369,267
2017MURA05,333bf,38878,1833,619,86
2013MART02,333bf,38986,1834,635,45
2013VEDE01,333bf,39050,1835,636,33
2012KOTT01,333bf,39140,1836,370,268
2019ALEX02,333bf,39202,1837,637,18
2010WUIF01,333bf,39471,1838,620,25
2013MART16,333bf,40061,1839,148,59
2017HAJU01,333bf,40209,1840,621,35
2018LIYU06,333bf,40361,1841,622,220
2011SCHN02,333bf,40372,1842,638,72
2012SART01,333bf,40497,1843,639,50
2017GUEL01,333bf,40549,1844,6,3
2017PARO01,333bf,40584,1845,149,1
2008CUST01,333bf,40732,1846,623,45
2016CHAV18,333bf,40909,1847,150,2
2013GADI01,333bf,41141,1848,624,87
2008VELA01,333bf,41646,1849,371,269
2016GUOL01,333bf,42017,1850,372,48
2013ZIRN01,333bf,42253,1851,640,7
2005GREE02,333bf,42362,1852,373,270
2016JRAC01,333bf,42542,1853,625,46
2012CAPA01,333bf,42906,1854,641,19
2006NORS01,333bf,43318,1855,374,271
2009NOVI02,333bf,43828,1856,642,66
2012RAUT01,333bf,44003,1857,643,16
2007HYOE01,333bf,44038,1858,626,36
2014OTER01,333bf,44085,1859,151,60
2010TUYE01,333bf,44364,1860,627,8
2015LOPE19,333bf,44435,1861,152,14
2011KANA02,333bf,44445,1862,628,88
2013MANO03,333bf,46073,1863,644,31
2012RAJK01,333bf,46536,1864,629,89
2012MANO05,333bf,47646,1865,630,90
2008JINX01,333bf,47956,1866,631,221
2006ADAM01,333bf,48553,1867,375,272
2017AUKS01,333bf,49556,1868,645,7
2010FUEN02,333bf,50091,1869,153,15
2008POLI01,333bf,50204,1870,632,47
2018DIXO01,333bf,53568,1871,376,273
2016MALT01,333bf,54115,1872,646,67
2016SLIM01,333bf,54426,1873,7,1
2016DIAZ14,333bf,54913,1874,154,3
2011SATO01,333bf,55536,1875,155,61
2017WAIK01,333bf,63100,1876,633,28
2013KLEM01,333bf,66100,1877,377,274
2016HERR15,333bf,78400,1878,378,16
